Username,Password
user,admin
@josecrisostomo,josecrisostomo1234
@christianmata,christianmata1234
@bradsanjose,bradsanjose1234
@anthonysalcedo,anthonysalcedo1234
@aliceromualdez,aliceromualdez1234
@rosieatienza,rosieatienza1234
@marthafarala,marthafarala1234
@leilamartinez,leilamartinez1234
@allisonsanjose,allisonsanjose1234
@cydneyrosario,cydneyrosario1234
@josielopez,josielopez1234
@selenadeleon,selenadeleon1234
@fredrickromualdez,fredrickromualdez1234
@markbautista,markbautista1234
@darlenelazaro,darlenelazaro1234
@kolbydelossantos,kolbydelossantos1234
@vellasantos,vellasantos1234
@tomasdelrosario,tomasdelrosario1234
@jacklyntolentino,jacklyntolentino1234
@percivalgutierrez,percivalgutierrez1234
@garfieldmanalaysay,garfieldmanalaysay1234
@lizethvillegas,lizethvillegas1234
@carolramos,carolramos1234
@emeliamaceda,emeliamaceda1234
@deliaaguilar,deliaaguilar1234